book,chapter
The Fellowship Of The Ring,A Long-expected Party
The Fellowship Of The Ring,The Shadow of the Past
The Fellowship Of The Ring,Three is Company
The Fellowship Of The Ring,A Short Cut to Mushrooms
The Fellowship Of The Ring,A Conspiracy Unmasked
The Fellowship Of The Ring,The Old Forest
The Fellowship Of The Ring,In the House of Tom Bombadil
The Fellowship Of The Ring,Fog on the Barrow-Downs
The Fellowship Of The Ring,At the Sign of The Prancing Pony
The Fellowship Of The Ring,Strider
The Fellowship Of The Ring,A Knife in the Dark
The Fellowship Of The Ring,Flight to the Ford
The Fellowship Of The Ring,Many Meetings
The Fellowship Of The Ring,The Council of Elrond
The Fellowship Of The Ring,The Ring Goes South
The Fellowship Of The Ring,A Journey in the Dark
The Fellowship Of The Ring,The Bridge of Khazad-dûm
The Fellowship Of The Ring,Lothlórien
The Fellowship Of The Ring,The Mirror of Galadriel
The Fellowship Of The Ring,Farewell to Lórien
The Fellowship Of The Ring,The Great River
The Fellowship Of The Ring,The Breaking of the Fellowship
The Two Towers,The Departure of Boromir
The Two Towers,The Riders of Rohan
The Two Towers,The Uruk-Hai
The Two Towers,Treebeard
The Two Towers,The White Rider
The Two Towers,The King of the Golden Hall
The Two Towers,Helm's Deep
The Two Towers,The Road to Isengard
The Two Towers,Flotsam and Jetsam
The Two Towers,The Voice of Saruman
The Two Towers,The Palantir
The Two Towers,The Taming of Smeagol
The Two Towers,The Passage of the Marshes
The Two Towers,The Black Gate is Closed
The Two Towers,Of Herbs and Stewed Rabbit
The Two Towers,The Window on the West
The Two Towers,The Forbidden Pool
The Two Towers,Journey to the Cross-roads
The Two Towers,The Stairs of Cirith Ungol
The Two Towers,Shelob's Lair
The Two Towers,The Choices of Master Samwise
The Return Of The King,Minas Tirith
The Return Of The King,The Passing of the Grey Company
The Return Of The King,The Muster of Rohan
The Return Of The King,The Siege of Gondor
The Return Of The King,The Ride of the Rohirrim
The Return Of The King,The Battle of the Pelennor Fields
The Return Of The King,The Pyre of Denethor
The Return Of The King,The Houses of Healing
The Return Of The King,The Last Debate
The Return Of The King,The Black Gate Opens
The Return Of The King,The Tower of Cirith Ungol
The Return Of The King,The Land of Shadow
The Return Of The King,Mount Doom
The Return Of The King,The Field of Cormallen
The Return Of The King,The Steward and the King
The Return Of The King,Many Partings
The Return Of The King,Homeward Bound
The Return Of The King,The Scouring of the Shire
The Return Of The King,The Grey Havens
